Run Number,Output
1,"log>>>-3.0000007
log>>>-3.
log>>>[-3.0000007,-1.9999993]
log>>>[-3.,-2.]
log>>>1.0485873
log>>>1.0485873
log>>>[1.0485873,2.126928 ]
log>>>[1.0485873,2.126928 ]
log>>>-3.
log>>>-3.0000002
log>>>[-3.,-2.]
log>>>[-3.0000002,-1.9999995]
log>>>1.1897035
log>>>1.1897035
log>>>[1.0948517,2.238406 ]
log>>>[1.0948517,2.238406 ]
log>>>-2.0485873
log>>>-2.0485873
log>>>[-2.0485873 ,-0.12692809]
log>>>[-2.0485873 ,-0.12692809]
",5.05706787109375
2,"log>>>-3.0000007
log>>>-3.
log>>>[-3.0000007,-1.9999993]
log>>>[-3.,-2.]
log>>>1.0485873
log>>>1.0485873
log>>>[1.0485873,2.126928 ]
log>>>[1.0485873,2.126928 ]
log>>>-3.
log>>>-3.0000002
log>>>[-3.,-2.]
log>>>[-3.0000002,-1.9999995]
log>>>1.1897035
log>>>1.1897035
log>>>[1.0948517,2.238406 ]
log>>>[1.0948517,2.238406 ]
log>>>-2.0485873
log>>>-2.0485873
log>>>[-2.0485873 ,-0.12692809]
log>>>[-2.0485873 ,-0.12692809]
",2.7163212299346924
3,"log>>>-3.0000007
log>>>-3.
log>>>[-3.0000007,-1.9999993]
log>>>[-3.,-2.]
log>>>1.0485873
log>>>1.0485873
log>>>[1.0485873,2.126928 ]
log>>>[1.0485873,2.126928 ]
log>>>-3.
log>>>-3.0000002
log>>>[-3.,-2.]
log>>>[-3.0000002,-1.9999995]
log>>>1.1897035
log>>>1.1897035
log>>>[1.0948517,2.238406 ]
log>>>[1.0948517,2.238406 ]
log>>>-2.0485873
log>>>-2.0485873
log>>>[-2.0485873 ,-0.12692809]
log>>>[-2.0485873 ,-0.12692809]
",2.695183753967285
4,"log>>>-3.0000007
log>>>-3.
log>>>[-3.0000007,-1.9999993]
log>>>[-3.,-2.]
log>>>1.0485873
log>>>1.0485873
log>>>[1.0485873,2.126928 ]
log>>>[1.0485873,2.126928 ]
log>>>-3.
log>>>-3.0000002
log>>>[-3.,-2.]
log>>>[-3.0000002,-1.9999995]
log>>>1.1897035
log>>>1.1897035
log>>>[1.0948517,2.238406 ]
log>>>[1.0948517,2.238406 ]
log>>>-2.0485873
log>>>-2.0485873
log>>>[-2.0485873 ,-0.12692809]
log>>>[-2.0485873 ,-0.12692809]
",2.679543972015381
5,"log>>>-3.0000007
log>>>-3.
log>>>[-3.0000007,-1.9999993]
log>>>[-3.,-2.]
log>>>1.0485873
log>>>1.0485873
log>>>[1.0485873,2.126928 ]
log>>>[1.0485873,2.126928 ]
log>>>-3.
log>>>-3.0000002
log>>>[-3.,-2.]
log>>>[-3.0000002,-1.9999995]
log>>>1.1897035
log>>>1.1897035
log>>>[1.0948517,2.238406 ]
log>>>[1.0948517,2.238406 ]
log>>>-2.0485873
log>>>-2.0485873
log>>>[-2.0485873 ,-0.12692809]
log>>>[-2.0485873 ,-0.12692809]
",2.7377002239227295
6,"log>>>-3.0000007
log>>>-3.
log>>>[-3.0000007,-1.9999993]
log>>>[-3.,-2.]
log>>>1.0485873
log>>>1.0485873
log>>>[1.0485873,2.126928 ]
log>>>[1.0485873,2.126928 ]
log>>>-3.
log>>>-3.0000002
log>>>[-3.,-2.]
log>>>[-3.0000002,-1.9999995]
log>>>1.1897035
log>>>1.1897035
log>>>[1.0948517,2.238406 ]
log>>>[1.0948517,2.238406 ]
log>>>-2.0485873
log>>>-2.0485873
log>>>[-2.0485873 ,-0.12692809]
log>>>[-2.0485873 ,-0.12692809]
",2.7257699966430664
7,"log>>>-3.0000007
log>>>-3.
log>>>[-3.0000007,-1.9999993]
log>>>[-3.,-2.]
log>>>1.0485873
log>>>1.0485873
log>>>[1.0485873,2.126928 ]
log>>>[1.0485873,2.126928 ]
log>>>-3.
log>>>-3.0000002
log>>>[-3.,-2.]
log>>>[-3.0000002,-1.9999995]
log>>>1.1897035
log>>>1.1897035
log>>>[1.0948517,2.238406 ]
log>>>[1.0948517,2.238406 ]
log>>>-2.0485873
log>>>-2.0485873
log>>>[-2.0485873 ,-0.12692809]
log>>>[-2.0485873 ,-0.12692809]
",2.725464105606079
8,"log>>>-3.0000007
log>>>-3.
log>>>[-3.0000007,-1.9999993]
log>>>[-3.,-2.]
log>>>1.0485873
log>>>1.0485873
log>>>[1.0485873,2.126928 ]
log>>>[1.0485873,2.126928 ]
log>>>-3.
log>>>-3.0000002
log>>>[-3.,-2.]
log>>>[-3.0000002,-1.9999995]
log>>>1.1897035
log>>>1.1897035
log>>>[1.0948517,2.238406 ]
log>>>[1.0948517,2.238406 ]
log>>>-2.0485873
log>>>-2.0485873
log>>>[-2.0485873 ,-0.12692809]
log>>>[-2.0485873 ,-0.12692809]
",2.7448291778564453
9,"log>>>-3.0000007
log>>>-3.
log>>>[-3.0000007,-1.9999993]
log>>>[-3.,-2.]
log>>>1.0485873
log>>>1.0485873
log>>>[1.0485873,2.126928 ]
log>>>[1.0485873,2.126928 ]
log>>>-3.
log>>>-3.0000002
log>>>[-3.,-2.]
log>>>[-3.0000002,-1.9999995]
log>>>1.1897035
log>>>1.1897035
log>>>[1.0948517,2.238406 ]
log>>>[1.0948517,2.238406 ]
log>>>-2.0485873
log>>>-2.0485873
log>>>[-2.0485873 ,-0.12692809]
log>>>[-2.0485873 ,-0.12692809]
",2.594627857208252
10,"log>>>-3.0000007
log>>>-3.
log>>>[-3.0000007,-1.9999993]
log>>>[-3.,-2.]
log>>>1.0485873
log>>>1.0485873
log>>>[1.0485873,2.126928 ]
log>>>[1.0485873,2.126928 ]
log>>>-3.
log>>>-3.0000002
log>>>[-3.,-2.]
log>>>[-3.0000002,-1.9999995]
log>>>1.1897035
log>>>1.1897035
log>>>[1.0948517,2.238406 ]
log>>>[1.0948517,2.238406 ]
log>>>-2.0485873
log>>>-2.0485873
log>>>[-2.0485873 ,-0.12692809]
log>>>[-2.0485873 ,-0.12692809]
",2.687303066253662
11,"log>>>-3.0000007
log>>>-3.
log>>>[-3.0000007,-1.9999993]
log>>>[-3.,-2.]
log>>>1.0485873
log>>>1.0485873
log>>>[1.0485873,2.126928 ]
log>>>[1.0485873,2.126928 ]
log>>>-3.
log>>>-3.0000002
log>>>[-3.,-2.]
log>>>[-3.0000002,-1.9999995]
log>>>1.1897035
log>>>1.1897035
log>>>[1.0948517,2.238406 ]
log>>>[1.0948517,2.238406 ]
log>>>-2.0485873
log>>>-2.0485873
log>>>[-2.0485873 ,-0.12692809]
log>>>[-2.0485873 ,-0.12692809]
",2.6927289962768555
12,"log>>>-3.0000007
log>>>-3.
log>>>[-3.0000007,-1.9999993]
log>>>[-3.,-2.]
log>>>1.0485873
log>>>1.0485873
log>>>[1.0485873,2.126928 ]
log>>>[1.0485873,2.126928 ]
log>>>-3.
log>>>-3.0000002
log>>>[-3.,-2.]
log>>>[-3.0000002,-1.9999995]
log>>>1.1897035
log>>>1.1897035
log>>>[1.0948517,2.238406 ]
log>>>[1.0948517,2.238406 ]
log>>>-2.0485873
log>>>-2.0485873
log>>>[-2.0485873 ,-0.12692809]
log>>>[-2.0485873 ,-0.12692809]
",2.584217071533203
13,"log>>>-3.0000007
log>>>-3.
log>>>[-3.0000007,-1.9999993]
log>>>[-3.,-2.]
log>>>1.0485873
log>>>1.0485873
log>>>[1.0485873,2.126928 ]
log>>>[1.0485873,2.126928 ]
log>>>-3.
log>>>-3.0000002
log>>>[-3.,-2.]
log>>>[-3.0000002,-1.9999995]
log>>>1.1897035
log>>>1.1897035
log>>>[1.0948517,2.238406 ]
log>>>[1.0948517,2.238406 ]
log>>>-2.0485873
log>>>-2.0485873
log>>>[-2.0485873 ,-0.12692809]
log>>>[-2.0485873 ,-0.12692809]
",2.7358949184417725
14,"log>>>-3.0000007
log>>>-3.
log>>>[-3.0000007,-1.9999993]
log>>>[-3.,-2.]
log>>>1.0485873
log>>>1.0485873
log>>>[1.0485873,2.126928 ]
log>>>[1.0485873,2.126928 ]
log>>>-3.
log>>>-3.0000002
log>>>[-3.,-2.]
log>>>[-3.0000002,-1.9999995]
log>>>1.1897035
log>>>1.1897035
log>>>[1.0948517,2.238406 ]
log>>>[1.0948517,2.238406 ]
log>>>-2.0485873
log>>>-2.0485873
log>>>[-2.0485873 ,-0.12692809]
log>>>[-2.0485873 ,-0.12692809]
",2.6719202995300293
15,"log>>>-3.0000007
log>>>-3.
log>>>[-3.0000007,-1.9999993]
log>>>[-3.,-2.]
log>>>1.0485873
log>>>1.0485873
log>>>[1.0485873,2.126928 ]
log>>>[1.0485873,2.126928 ]
log>>>-3.
log>>>-3.0000002
log>>>[-3.,-2.]
log>>>[-3.0000002,-1.9999995]
log>>>1.1897035
log>>>1.1897035
log>>>[1.0948517,2.238406 ]
log>>>[1.0948517,2.238406 ]
log>>>-2.0485873
log>>>-2.0485873
log>>>[-2.0485873 ,-0.12692809]
log>>>[-2.0485873 ,-0.12692809]
",2.57709002494812
16,"log>>>-3.0000007
log>>>-3.
log>>>[-3.0000007,-1.9999993]
log>>>[-3.,-2.]
log>>>1.0485873
log>>>1.0485873
log>>>[1.0485873,2.126928 ]
log>>>[1.0485873,2.126928 ]
log>>>-3.
log>>>-3.0000002
log>>>[-3.,-2.]
log>>>[-3.0000002,-1.9999995]
log>>>1.1897035
log>>>1.1897035
log>>>[1.0948517,2.238406 ]
log>>>[1.0948517,2.238406 ]
log>>>-2.0485873
log>>>-2.0485873
log>>>[-2.0485873 ,-0.12692809]
log>>>[-2.0485873 ,-0.12692809]
",2.706667184829712
17,"log>>>-3.0000007
log>>>-3.
log>>>[-3.0000007,-1.9999993]
log>>>[-3.,-2.]
log>>>1.0485873
log>>>1.0485873
log>>>[1.0485873,2.126928 ]
log>>>[1.0485873,2.126928 ]
log>>>-3.
log>>>-3.0000002
log>>>[-3.,-2.]
log>>>[-3.0000002,-1.9999995]
log>>>1.1897035
log>>>1.1897035
log>>>[1.0948517,2.238406 ]
log>>>[1.0948517,2.238406 ]
log>>>-2.0485873
log>>>-2.0485873
log>>>[-2.0485873 ,-0.12692809]
log>>>[-2.0485873 ,-0.12692809]
",2.70963191986084
18,"log>>>-3.0000007
log>>>-3.
log>>>[-3.0000007,-1.9999993]
log>>>[-3.,-2.]
log>>>1.0485873
log>>>1.0485873
log>>>[1.0485873,2.126928 ]
log>>>[1.0485873,2.126928 ]
log>>>-3.
log>>>-3.0000002
log>>>[-3.,-2.]
log>>>[-3.0000002,-1.9999995]
log>>>1.1897035
log>>>1.1897035
log>>>[1.0948517,2.238406 ]
log>>>[1.0948517,2.238406 ]
log>>>-2.0485873
log>>>-2.0485873
log>>>[-2.0485873 ,-0.12692809]
log>>>[-2.0485873 ,-0.12692809]
",2.8931362628936768
19,"log>>>-3.0000007
log>>>-3.
log>>>[-3.0000007,-1.9999993]
log>>>[-3.,-2.]
log>>>1.0485873
log>>>1.0485873
log>>>[1.0485873,2.126928 ]
log>>>[1.0485873,2.126928 ]
log>>>-3.
log>>>-3.0000002
log>>>[-3.,-2.]
log>>>[-3.0000002,-1.9999995]
log>>>1.1897035
log>>>1.1897035
log>>>[1.0948517,2.238406 ]
log>>>[1.0948517,2.238406 ]
log>>>-2.0485873
log>>>-2.0485873
log>>>[-2.0485873 ,-0.12692809]
log>>>[-2.0485873 ,-0.12692809]
",2.7776718139648438
20,"log>>>-3.0000007
log>>>-3.
log>>>[-3.0000007,-1.9999993]
log>>>[-3.,-2.]
log>>>1.0485873
log>>>1.0485873
log>>>[1.0485873,2.126928 ]
log>>>[1.0485873,2.126928 ]
log>>>-3.
log>>>-3.0000002
log>>>[-3.,-2.]
log>>>[-3.0000002,-1.9999995]
log>>>1.1897035
log>>>1.1897035
log>>>[1.0948517,2.238406 ]
log>>>[1.0948517,2.238406 ]
log>>>-2.0485873
log>>>-2.0485873
log>>>[-2.0485873 ,-0.12692809]
log>>>[-2.0485873 ,-0.12692809]
",2.6805810928344727
21,"log>>>-3.0000007
log>>>-3.
log>>>[-3.0000007,-1.9999993]
log>>>[-3.,-2.]
log>>>1.0485873
log>>>1.0485873
log>>>[1.0485873,2.126928 ]
log>>>[1.0485873,2.126928 ]
log>>>-3.
log>>>-3.0000002
log>>>[-3.,-2.]
log>>>[-3.0000002,-1.9999995]
log>>>1.1897035
log>>>1.1897035
log>>>[1.0948517,2.238406 ]
log>>>[1.0948517,2.238406 ]
log>>>-2.0485873
log>>>-2.0485873
log>>>[-2.0485873 ,-0.12692809]
log>>>[-2.0485873 ,-0.12692809]
",2.73877215385437
22,"log>>>-3.0000007
log>>>-3.
log>>>[-3.0000007,-1.9999993]
log>>>[-3.,-2.]
log>>>1.0485873
log>>>1.0485873
log>>>[1.0485873,2.126928 ]
log>>>[1.0485873,2.126928 ]
log>>>-3.
log>>>-3.0000002
log>>>[-3.,-2.]
log>>>[-3.0000002,-1.9999995]
log>>>1.1897035
log>>>1.1897035
log>>>[1.0948517,2.238406 ]
log>>>[1.0948517,2.238406 ]
log>>>-2.0485873
log>>>-2.0485873
log>>>[-2.0485873 ,-0.12692809]
log>>>[-2.0485873 ,-0.12692809]
",2.772648334503174
23,"log>>>-3.0000007
log>>>-3.
log>>>[-3.0000007,-1.9999993]
log>>>[-3.,-2.]
log>>>1.0485873
log>>>1.0485873
log>>>[1.0485873,2.126928 ]
log>>>[1.0485873,2.126928 ]
log>>>-3.
log>>>-3.0000002
log>>>[-3.,-2.]
log>>>[-3.0000002,-1.9999995]
log>>>1.1897035
log>>>1.1897035
log>>>[1.0948517,2.238406 ]
log>>>[1.0948517,2.238406 ]
log>>>-2.0485873
log>>>-2.0485873
log>>>[-2.0485873 ,-0.12692809]
log>>>[-2.0485873 ,-0.12692809]
",2.71252703666687
24,"log>>>-3.0000007
log>>>-3.
log>>>[-3.0000007,-1.9999993]
log>>>[-3.,-2.]
log>>>1.0485873
log>>>1.0485873
log>>>[1.0485873,2.126928 ]
log>>>[1.0485873,2.126928 ]
log>>>-3.
log>>>-3.0000002
log>>>[-3.,-2.]
log>>>[-3.0000002,-1.9999995]
log>>>1.1897035
log>>>1.1897035
log>>>[1.0948517,2.238406 ]
log>>>[1.0948517,2.238406 ]
log>>>-2.0485873
log>>>-2.0485873
log>>>[-2.0485873 ,-0.12692809]
log>>>[-2.0485873 ,-0.12692809]
",3.0463030338287354
25,"log>>>-3.0000007
log>>>-3.
log>>>[-3.0000007,-1.9999993]
log>>>[-3.,-2.]
log>>>1.0485873
log>>>1.0485873
log>>>[1.0485873,2.126928 ]
log>>>[1.0485873,2.126928 ]
log>>>-3.
log>>>-3.0000002
log>>>[-3.,-2.]
log>>>[-3.0000002,-1.9999995]
log>>>1.1897035
log>>>1.1897035
log>>>[1.0948517,2.238406 ]
log>>>[1.0948517,2.238406 ]
log>>>-2.0485873
log>>>-2.0485873
log>>>[-2.0485873 ,-0.12692809]
log>>>[-2.0485873 ,-0.12692809]
",2.816026210784912
26,"log>>>-3.0000007
log>>>-3.
log>>>[-3.0000007,-1.9999993]
log>>>[-3.,-2.]
log>>>1.0485873
log>>>1.0485873
log>>>[1.0485873,2.126928 ]
log>>>[1.0485873,2.126928 ]
log>>>-3.
log>>>-3.0000002
log>>>[-3.,-2.]
log>>>[-3.0000002,-1.9999995]
log>>>1.1897035
log>>>1.1897035
log>>>[1.0948517,2.238406 ]
log>>>[1.0948517,2.238406 ]
log>>>-2.0485873
log>>>-2.0485873
log>>>[-2.0485873 ,-0.12692809]
log>>>[-2.0485873 ,-0.12692809]
",3.0343260765075684
27,"log>>>-3.0000007
log>>>-3.
log>>>[-3.0000007,-1.9999993]
log>>>[-3.,-2.]
log>>>1.0485873
log>>>1.0485873
log>>>[1.0485873,2.126928 ]
log>>>[1.0485873,2.126928 ]
log>>>-3.
log>>>-3.0000002
log>>>[-3.,-2.]
log>>>[-3.0000002,-1.9999995]
log>>>1.1897035
log>>>1.1897035
log>>>[1.0948517,2.238406 ]
log>>>[1.0948517,2.238406 ]
log>>>-2.0485873
log>>>-2.0485873
log>>>[-2.0485873 ,-0.12692809]
log>>>[-2.0485873 ,-0.12692809]
",3.1474709510803223
28,"log>>>-3.0000007
log>>>-3.
log>>>[-3.0000007,-1.9999993]
log>>>[-3.,-2.]
log>>>1.0485873
log>>>1.0485873
log>>>[1.0485873,2.126928 ]
log>>>[1.0485873,2.126928 ]
log>>>-3.
log>>>-3.0000002
log>>>[-3.,-2.]
log>>>[-3.0000002,-1.9999995]
log>>>1.1897035
log>>>1.1897035
log>>>[1.0948517,2.238406 ]
log>>>[1.0948517,2.238406 ]
log>>>-2.0485873
log>>>-2.0485873
log>>>[-2.0485873 ,-0.12692809]
log>>>[-2.0485873 ,-0.12692809]
",3.0929012298583984
29,"log>>>-3.0000007
log>>>-3.
log>>>[-3.0000007,-1.9999993]
log>>>[-3.,-2.]
log>>>1.0485873
log>>>1.0485873
log>>>[1.0485873,2.126928 ]
log>>>[1.0485873,2.126928 ]
log>>>-3.
log>>>-3.0000002
log>>>[-3.,-2.]
log>>>[-3.0000002,-1.9999995]
log>>>1.1897035
log>>>1.1897035
log>>>[1.0948517,2.238406 ]
log>>>[1.0948517,2.238406 ]
log>>>-2.0485873
log>>>-2.0485873
log>>>[-2.0485873 ,-0.12692809]
log>>>[-2.0485873 ,-0.12692809]
",2.8428878784179688
30,"log>>>-3.0000007
log>>>-3.
log>>>[-3.0000007,-1.9999993]
log>>>[-3.,-2.]
log>>>1.0485873
log>>>1.0485873
log>>>[1.0485873,2.126928 ]
log>>>[1.0485873,2.126928 ]
log>>>-3.
log>>>-3.0000002
log>>>[-3.,-2.]
log>>>[-3.0000002,-1.9999995]
log>>>1.1897035
log>>>1.1897035
log>>>[1.0948517,2.238406 ]
log>>>[1.0948517,2.238406 ]
log>>>-2.0485873
log>>>-2.0485873
log>>>[-2.0485873 ,-0.12692809]
log>>>[-2.0485873 ,-0.12692809]
",2.7374489307403564
31,"log>>>-3.0000007
log>>>-3.
log>>>[-3.0000007,-1.9999993]
log>>>[-3.,-2.]
log>>>1.0485873
log>>>1.0485873
log>>>[1.0485873,2.126928 ]
log>>>[1.0485873,2.126928 ]
log>>>-3.
log>>>-3.0000002
log>>>[-3.,-2.]
log>>>[-3.0000002,-1.9999995]
log>>>1.1897035
log>>>1.1897035
log>>>[1.0948517,2.238406 ]
log>>>[1.0948517,2.238406 ]
log>>>-2.0485873
log>>>-2.0485873
log>>>[-2.0485873 ,-0.12692809]
log>>>[-2.0485873 ,-0.12692809]
",2.8862690925598145
32,"log>>>-3.0000007
log>>>-3.
log>>>[-3.0000007,-1.9999993]
log>>>[-3.,-2.]
log>>>1.0485873
log>>>1.0485873
log>>>[1.0485873,2.126928 ]
log>>>[1.0485873,2.126928 ]
log>>>-3.
log>>>-3.0000002
log>>>[-3.,-2.]
log>>>[-3.0000002,-1.9999995]
log>>>1.1897035
log>>>1.1897035
log>>>[1.0948517,2.238406 ]
log>>>[1.0948517,2.238406 ]
log>>>-2.0485873
log>>>-2.0485873
log>>>[-2.0485873 ,-0.12692809]
log>>>[-2.0485873 ,-0.12692809]
",2.9648258686065674
33,"log>>>-3.0000007
log>>>-3.
log>>>[-3.0000007,-1.9999993]
log>>>[-3.,-2.]
log>>>1.0485873
log>>>1.0485873
log>>>[1.0485873,2.126928 ]
log>>>[1.0485873,2.126928 ]
log>>>-3.
log>>>-3.0000002
log>>>[-3.,-2.]
log>>>[-3.0000002,-1.9999995]
log>>>1.1897035
log>>>1.1897035
log>>>[1.0948517,2.238406 ]
log>>>[1.0948517,2.238406 ]
log>>>-2.0485873
log>>>-2.0485873
log>>>[-2.0485873 ,-0.12692809]
log>>>[-2.0485873 ,-0.12692809]
",2.920530080795288
34,"log>>>-3.0000007
log>>>-3.
log>>>[-3.0000007,-1.9999993]
log>>>[-3.,-2.]
log>>>1.0485873
log>>>1.0485873
log>>>[1.0485873,2.126928 ]
log>>>[1.0485873,2.126928 ]
log>>>-3.
log>>>-3.0000002
log>>>[-3.,-2.]
log>>>[-3.0000002,-1.9999995]
log>>>1.1897035
log>>>1.1897035
log>>>[1.0948517,2.238406 ]
log>>>[1.0948517,2.238406 ]
log>>>-2.0485873
log>>>-2.0485873
log>>>[-2.0485873 ,-0.12692809]
log>>>[-2.0485873 ,-0.12692809]
",2.844785213470459
35,"log>>>-3.0000007
log>>>-3.
log>>>[-3.0000007,-1.9999993]
log>>>[-3.,-2.]
log>>>1.0485873
log>>>1.0485873
log>>>[1.0485873,2.126928 ]
log>>>[1.0485873,2.126928 ]
log>>>-3.
log>>>-3.0000002
log>>>[-3.,-2.]
log>>>[-3.0000002,-1.9999995]
log>>>1.1897035
log>>>1.1897035
log>>>[1.0948517,2.238406 ]
log>>>[1.0948517,2.238406 ]
log>>>-2.0485873
log>>>-2.0485873
log>>>[-2.0485873 ,-0.12692809]
log>>>[-2.0485873 ,-0.12692809]
",2.887455940246582
36,"log>>>-3.0000007
log>>>-3.
log>>>[-3.0000007,-1.9999993]
log>>>[-3.,-2.]
log>>>1.0485873
log>>>1.0485873
log>>>[1.0485873,2.126928 ]
log>>>[1.0485873,2.126928 ]
log>>>-3.
log>>>-3.0000002
log>>>[-3.,-2.]
log>>>[-3.0000002,-1.9999995]
log>>>1.1897035
log>>>1.1897035
log>>>[1.0948517,2.238406 ]
log>>>[1.0948517,2.238406 ]
log>>>-2.0485873
log>>>-2.0485873
log>>>[-2.0485873 ,-0.12692809]
log>>>[-2.0485873 ,-0.12692809]
",2.7729148864746094
37,"log>>>-3.0000007
log>>>-3.
log>>>[-3.0000007,-1.9999993]
log>>>[-3.,-2.]
log>>>1.0485873
log>>>1.0485873
log>>>[1.0485873,2.126928 ]
log>>>[1.0485873,2.126928 ]
log>>>-3.
log>>>-3.0000002
log>>>[-3.,-2.]
log>>>[-3.0000002,-1.9999995]
log>>>1.1897035
log>>>1.1897035
log>>>[1.0948517,2.238406 ]
log>>>[1.0948517,2.238406 ]
log>>>-2.0485873
log>>>-2.0485873
log>>>[-2.0485873 ,-0.12692809]
log>>>[-2.0485873 ,-0.12692809]
",3.3373918533325195
38,"log>>>-3.0000007
log>>>-3.
log>>>[-3.0000007,-1.9999993]
log>>>[-3.,-2.]
log>>>1.0485873
log>>>1.0485873
log>>>[1.0485873,2.126928 ]
log>>>[1.0485873,2.126928 ]
log>>>-3.
log>>>-3.0000002
log>>>[-3.,-2.]
log>>>[-3.0000002,-1.9999995]
log>>>1.1897035
log>>>1.1897035
log>>>[1.0948517,2.238406 ]
log>>>[1.0948517,2.238406 ]
log>>>-2.0485873
log>>>-2.0485873
log>>>[-2.0485873 ,-0.12692809]
log>>>[-2.0485873 ,-0.12692809]
",3.038583993911743
39,"log>>>-3.0000007
log>>>-3.
log>>>[-3.0000007,-1.9999993]
log>>>[-3.,-2.]
log>>>1.0485873
log>>>1.0485873
log>>>[1.0485873,2.126928 ]
log>>>[1.0485873,2.126928 ]
log>>>-3.
log>>>-3.0000002
log>>>[-3.,-2.]
log>>>[-3.0000002,-1.9999995]
log>>>1.1897035
log>>>1.1897035
log>>>[1.0948517,2.238406 ]
log>>>[1.0948517,2.238406 ]
log>>>-2.0485873
log>>>-2.0485873
log>>>[-2.0485873 ,-0.12692809]
log>>>[-2.0485873 ,-0.12692809]
",2.919553756713867
40,"log>>>-3.0000007
log>>>-3.
log>>>[-3.0000007,-1.9999993]
log>>>[-3.,-2.]
log>>>1.0485873
log>>>1.0485873
log>>>[1.0485873,2.126928 ]
log>>>[1.0485873,2.126928 ]
log>>>-3.
log>>>-3.0000002
log>>>[-3.,-2.]
log>>>[-3.0000002,-1.9999995]
log>>>1.1897035
log>>>1.1897035
log>>>[1.0948517,2.238406 ]
log>>>[1.0948517,2.238406 ]
log>>>-2.0485873
log>>>-2.0485873
log>>>[-2.0485873 ,-0.12692809]
log>>>[-2.0485873 ,-0.12692809]
",2.718444585800171
41,"log>>>-3.0000007
log>>>-3.
log>>>[-3.0000007,-1.9999993]
log>>>[-3.,-2.]
log>>>1.0485873
log>>>1.0485873
log>>>[1.0485873,2.126928 ]
log>>>[1.0485873,2.126928 ]
log>>>-3.
log>>>-3.0000002
log>>>[-3.,-2.]
log>>>[-3.0000002,-1.9999995]
log>>>1.1897035
log>>>1.1897035
log>>>[1.0948517,2.238406 ]
log>>>[1.0948517,2.238406 ]
log>>>-2.0485873
log>>>-2.0485873
log>>>[-2.0485873 ,-0.12692809]
log>>>[-2.0485873 ,-0.12692809]
",2.698678970336914
42,"log>>>-3.0000007
log>>>-3.
log>>>[-3.0000007,-1.9999993]
log>>>[-3.,-2.]
log>>>1.0485873
log>>>1.0485873
log>>>[1.0485873,2.126928 ]
log>>>[1.0485873,2.126928 ]
log>>>-3.
log>>>-3.0000002
log>>>[-3.,-2.]
log>>>[-3.0000002,-1.9999995]
log>>>1.1897035
log>>>1.1897035
log>>>[1.0948517,2.238406 ]
log>>>[1.0948517,2.238406 ]
log>>>-2.0485873
log>>>-2.0485873
log>>>[-2.0485873 ,-0.12692809]
log>>>[-2.0485873 ,-0.12692809]
",2.6887760162353516
43,"log>>>-3.0000007
log>>>-3.
log>>>[-3.0000007,-1.9999993]
log>>>[-3.,-2.]
log>>>1.0485873
log>>>1.0485873
log>>>[1.0485873,2.126928 ]
log>>>[1.0485873,2.126928 ]
log>>>-3.
log>>>-3.0000002
log>>>[-3.,-2.]
log>>>[-3.0000002,-1.9999995]
log>>>1.1897035
log>>>1.1897035
log>>>[1.0948517,2.238406 ]
log>>>[1.0948517,2.238406 ]
log>>>-2.0485873
log>>>-2.0485873
log>>>[-2.0485873 ,-0.12692809]
log>>>[-2.0485873 ,-0.12692809]
",2.7197840213775635
44,"log>>>-3.0000007
log>>>-3.
log>>>[-3.0000007,-1.9999993]
log>>>[-3.,-2.]
log>>>1.0485873
log>>>1.0485873
log>>>[1.0485873,2.126928 ]
log>>>[1.0485873,2.126928 ]
log>>>-3.
log>>>-3.0000002
log>>>[-3.,-2.]
log>>>[-3.0000002,-1.9999995]
log>>>1.1897035
log>>>1.1897035
log>>>[1.0948517,2.238406 ]
log>>>[1.0948517,2.238406 ]
log>>>-2.0485873
log>>>-2.0485873
log>>>[-2.0485873 ,-0.12692809]
log>>>[-2.0485873 ,-0.12692809]
",2.7145559787750244
45,"log>>>-3.0000007
log>>>-3.
log>>>[-3.0000007,-1.9999993]
log>>>[-3.,-2.]
log>>>1.0485873
log>>>1.0485873
log>>>[1.0485873,2.126928 ]
log>>>[1.0485873,2.126928 ]
log>>>-3.
log>>>-3.0000002
log>>>[-3.,-2.]
log>>>[-3.0000002,-1.9999995]
log>>>1.1897035
log>>>1.1897035
log>>>[1.0948517,2.238406 ]
log>>>[1.0948517,2.238406 ]
log>>>-2.0485873
log>>>-2.0485873
log>>>[-2.0485873 ,-0.12692809]
log>>>[-2.0485873 ,-0.12692809]
",2.7238221168518066
46,"log>>>-3.0000007
log>>>-3.
log>>>[-3.0000007,-1.9999993]
log>>>[-3.,-2.]
log>>>1.0485873
log>>>1.0485873
log>>>[1.0485873,2.126928 ]
log>>>[1.0485873,2.126928 ]
log>>>-3.
log>>>-3.0000002
log>>>[-3.,-2.]
log>>>[-3.0000002,-1.9999995]
log>>>1.1897035
log>>>1.1897035
log>>>[1.0948517,2.238406 ]
log>>>[1.0948517,2.238406 ]
log>>>-2.0485873
log>>>-2.0485873
log>>>[-2.0485873 ,-0.12692809]
log>>>[-2.0485873 ,-0.12692809]
",2.7033610343933105
47,"log>>>-3.0000007
log>>>-3.
log>>>[-3.0000007,-1.9999993]
log>>>[-3.,-2.]
log>>>1.0485873
log>>>1.0485873
log>>>[1.0485873,2.126928 ]
log>>>[1.0485873,2.126928 ]
log>>>-3.
log>>>-3.0000002
log>>>[-3.,-2.]
log>>>[-3.0000002,-1.9999995]
log>>>1.1897035
log>>>1.1897035
log>>>[1.0948517,2.238406 ]
log>>>[1.0948517,2.238406 ]
log>>>-2.0485873
log>>>-2.0485873
log>>>[-2.0485873 ,-0.12692809]
log>>>[-2.0485873 ,-0.12692809]
",2.6986098289489746
48,"log>>>-3.0000007
log>>>-3.
log>>>[-3.0000007,-1.9999993]
log>>>[-3.,-2.]
log>>>1.0485873
log>>>1.0485873
log>>>[1.0485873,2.126928 ]
log>>>[1.0485873,2.126928 ]
log>>>-3.
log>>>-3.0000002
log>>>[-3.,-2.]
log>>>[-3.0000002,-1.9999995]
log>>>1.1897035
log>>>1.1897035
log>>>[1.0948517,2.238406 ]
log>>>[1.0948517,2.238406 ]
log>>>-2.0485873
log>>>-2.0485873
log>>>[-2.0485873 ,-0.12692809]
log>>>[-2.0485873 ,-0.12692809]
",2.708894968032837
49,"log>>>-3.0000007
log>>>-3.
log>>>[-3.0000007,-1.9999993]
log>>>[-3.,-2.]
log>>>1.0485873
log>>>1.0485873
log>>>[1.0485873,2.126928 ]
log>>>[1.0485873,2.126928 ]
log>>>-3.
log>>>-3.0000002
log>>>[-3.,-2.]
log>>>[-3.0000002,-1.9999995]
log>>>1.1897035
log>>>1.1897035
log>>>[1.0948517,2.238406 ]
log>>>[1.0948517,2.238406 ]
log>>>-2.0485873
log>>>-2.0485873
log>>>[-2.0485873 ,-0.12692809]
log>>>[-2.0485873 ,-0.12692809]
",2.700683116912842
50,"log>>>-3.0000007
log>>>-3.
log>>>[-3.0000007,-1.9999993]
log>>>[-3.,-2.]
log>>>1.0485873
log>>>1.0485873
log>>>[1.0485873,2.126928 ]
log>>>[1.0485873,2.126928 ]
log>>>-3.
log>>>-3.0000002
log>>>[-3.,-2.]
log>>>[-3.0000002,-1.9999995]
log>>>1.1897035
log>>>1.1897035
log>>>[1.0948517,2.238406 ]
log>>>[1.0948517,2.238406 ]
log>>>-2.0485873
log>>>-2.0485873
log>>>[-2.0485873 ,-0.12692809]
log>>>[-2.0485873 ,-0.12692809]
",2.6849238872528076
51,"log>>>-3.0000007
log>>>-3.
log>>>[-3.0000007,-1.9999993]
log>>>[-3.,-2.]
log>>>1.0485873
log>>>1.0485873
log>>>[1.0485873,2.126928 ]
log>>>[1.0485873,2.126928 ]
log>>>-3.
log>>>-3.0000002
log>>>[-3.,-2.]
log>>>[-3.0000002,-1.9999995]
log>>>1.1897035
log>>>1.1897035
log>>>[1.0948517,2.238406 ]
log>>>[1.0948517,2.238406 ]
log>>>-2.0485873
log>>>-2.0485873
log>>>[-2.0485873 ,-0.12692809]
log>>>[-2.0485873 ,-0.12692809]
",2.6964528560638428
52,"log>>>-3.0000007
log>>>-3.
log>>>[-3.0000007,-1.9999993]
log>>>[-3.,-2.]
log>>>1.0485873
log>>>1.0485873
log>>>[1.0485873,2.126928 ]
log>>>[1.0485873,2.126928 ]
log>>>-3.
log>>>-3.0000002
log>>>[-3.,-2.]
log>>>[-3.0000002,-1.9999995]
log>>>1.1897035
log>>>1.1897035
log>>>[1.0948517,2.238406 ]
log>>>[1.0948517,2.238406 ]
log>>>-2.0485873
log>>>-2.0485873
log>>>[-2.0485873 ,-0.12692809]
log>>>[-2.0485873 ,-0.12692809]
",2.707629680633545
53,"log>>>-3.0000007
log>>>-3.
log>>>[-3.0000007,-1.9999993]
log>>>[-3.,-2.]
log>>>1.0485873
log>>>1.0485873
log>>>[1.0485873,2.126928 ]
log>>>[1.0485873,2.126928 ]
log>>>-3.
log>>>-3.0000002
log>>>[-3.,-2.]
log>>>[-3.0000002,-1.9999995]
log>>>1.1897035
log>>>1.1897035
log>>>[1.0948517,2.238406 ]
log>>>[1.0948517,2.238406 ]
log>>>-2.0485873
log>>>-2.0485873
log>>>[-2.0485873 ,-0.12692809]
log>>>[-2.0485873 ,-0.12692809]
",2.6917288303375244
54,"log>>>-3.0000007
log>>>-3.
log>>>[-3.0000007,-1.9999993]
log>>>[-3.,-2.]
log>>>1.0485873
log>>>1.0485873
log>>>[1.0485873,2.126928 ]
log>>>[1.0485873,2.126928 ]
log>>>-3.
log>>>-3.0000002
log>>>[-3.,-2.]
log>>>[-3.0000002,-1.9999995]
log>>>1.1897035
log>>>1.1897035
log>>>[1.0948517,2.238406 ]
log>>>[1.0948517,2.238406 ]
log>>>-2.0485873
log>>>-2.0485873
log>>>[-2.0485873 ,-0.12692809]
log>>>[-2.0485873 ,-0.12692809]
",2.694611072540283
55,"log>>>-3.0000007
log>>>-3.
log>>>[-3.0000007,-1.9999993]
log>>>[-3.,-2.]
log>>>1.0485873
log>>>1.0485873
log>>>[1.0485873,2.126928 ]
log>>>[1.0485873,2.126928 ]
log>>>-3.
log>>>-3.0000002
log>>>[-3.,-2.]
log>>>[-3.0000002,-1.9999995]
log>>>1.1897035
log>>>1.1897035
log>>>[1.0948517,2.238406 ]
log>>>[1.0948517,2.238406 ]
log>>>-2.0485873
log>>>-2.0485873
log>>>[-2.0485873 ,-0.12692809]
log>>>[-2.0485873 ,-0.12692809]
",2.708521842956543
56,"log>>>-3.0000007
log>>>-3.
log>>>[-3.0000007,-1.9999993]
log>>>[-3.,-2.]
log>>>1.0485873
log>>>1.0485873
log>>>[1.0485873,2.126928 ]
log>>>[1.0485873,2.126928 ]
log>>>-3.
log>>>-3.0000002
log>>>[-3.,-2.]
log>>>[-3.0000002,-1.9999995]
log>>>1.1897035
log>>>1.1897035
log>>>[1.0948517,2.238406 ]
log>>>[1.0948517,2.238406 ]
log>>>-2.0485873
log>>>-2.0485873
log>>>[-2.0485873 ,-0.12692809]
log>>>[-2.0485873 ,-0.12692809]
",2.7215497493743896
57,"log>>>-3.0000007
log>>>-3.
log>>>[-3.0000007,-1.9999993]
log>>>[-3.,-2.]
log>>>1.0485873
log>>>1.0485873
log>>>[1.0485873,2.126928 ]
log>>>[1.0485873,2.126928 ]
log>>>-3.
log>>>-3.0000002
log>>>[-3.,-2.]
log>>>[-3.0000002,-1.9999995]
log>>>1.1897035
log>>>1.1897035
log>>>[1.0948517,2.238406 ]
log>>>[1.0948517,2.238406 ]
log>>>-2.0485873
log>>>-2.0485873
log>>>[-2.0485873 ,-0.12692809]
log>>>[-2.0485873 ,-0.12692809]
",2.7131400108337402
58,"log>>>-3.0000007
log>>>-3.
log>>>[-3.0000007,-1.9999993]
log>>>[-3.,-2.]
log>>>1.0485873
log>>>1.0485873
log>>>[1.0485873,2.126928 ]
log>>>[1.0485873,2.126928 ]
log>>>-3.
log>>>-3.0000002
log>>>[-3.,-2.]
log>>>[-3.0000002,-1.9999995]
log>>>1.1897035
log>>>1.1897035
log>>>[1.0948517,2.238406 ]
log>>>[1.0948517,2.238406 ]
log>>>-2.0485873
log>>>-2.0485873
log>>>[-2.0485873 ,-0.12692809]
log>>>[-2.0485873 ,-0.12692809]
",2.6895251274108887
59,"log>>>-3.0000007
log>>>-3.
log>>>[-3.0000007,-1.9999993]
log>>>[-3.,-2.]
log>>>1.0485873
log>>>1.0485873
log>>>[1.0485873,2.126928 ]
log>>>[1.0485873,2.126928 ]
log>>>-3.
log>>>-3.0000002
log>>>[-3.,-2.]
log>>>[-3.0000002,-1.9999995]
log>>>1.1897035
log>>>1.1897035
log>>>[1.0948517,2.238406 ]
log>>>[1.0948517,2.238406 ]
log>>>-2.0485873
log>>>-2.0485873
log>>>[-2.0485873 ,-0.12692809]
log>>>[-2.0485873 ,-0.12692809]
",2.680264949798584
60,"log>>>-3.0000007
log>>>-3.
log>>>[-3.0000007,-1.9999993]
log>>>[-3.,-2.]
log>>>1.0485873
log>>>1.0485873
log>>>[1.0485873,2.126928 ]
log>>>[1.0485873,2.126928 ]
log>>>-3.
log>>>-3.0000002
log>>>[-3.,-2.]
log>>>[-3.0000002,-1.9999995]
log>>>1.1897035
log>>>1.1897035
log>>>[1.0948517,2.238406 ]
log>>>[1.0948517,2.238406 ]
log>>>-2.0485873
log>>>-2.0485873
log>>>[-2.0485873 ,-0.12692809]
log>>>[-2.0485873 ,-0.12692809]
",2.705065965652466
61,"log>>>-3.0000007
log>>>-3.
log>>>[-3.0000007,-1.9999993]
log>>>[-3.,-2.]
log>>>1.0485873
log>>>1.0485873
log>>>[1.0485873,2.126928 ]
log>>>[1.0485873,2.126928 ]
log>>>-3.
log>>>-3.0000002
log>>>[-3.,-2.]
log>>>[-3.0000002,-1.9999995]
log>>>1.1897035
log>>>1.1897035
log>>>[1.0948517,2.238406 ]
log>>>[1.0948517,2.238406 ]
log>>>-2.0485873
log>>>-2.0485873
log>>>[-2.0485873 ,-0.12692809]
log>>>[-2.0485873 ,-0.12692809]
",2.681318759918213
62,"log>>>-3.0000007
log>>>-3.
log>>>[-3.0000007,-1.9999993]
log>>>[-3.,-2.]
log>>>1.0485873
log>>>1.0485873
log>>>[1.0485873,2.126928 ]
log>>>[1.0485873,2.126928 ]
log>>>-3.
log>>>-3.0000002
log>>>[-3.,-2.]
log>>>[-3.0000002,-1.9999995]
log>>>1.1897035
log>>>1.1897035
log>>>[1.0948517,2.238406 ]
log>>>[1.0948517,2.238406 ]
log>>>-2.0485873
log>>>-2.0485873
log>>>[-2.0485873 ,-0.12692809]
log>>>[-2.0485873 ,-0.12692809]
",2.704958915710449
63,"log>>>-3.0000007
log>>>-3.
log>>>[-3.0000007,-1.9999993]
log>>>[-3.,-2.]
log>>>1.0485873
log>>>1.0485873
log>>>[1.0485873,2.126928 ]
log>>>[1.0485873,2.126928 ]
log>>>-3.
log>>>-3.0000002
log>>>[-3.,-2.]
log>>>[-3.0000002,-1.9999995]
log>>>1.1897035
log>>>1.1897035
log>>>[1.0948517,2.238406 ]
log>>>[1.0948517,2.238406 ]
log>>>-2.0485873
log>>>-2.0485873
log>>>[-2.0485873 ,-0.12692809]
log>>>[-2.0485873 ,-0.12692809]
",2.712934970855713
64,"log>>>-3.0000007
log>>>-3.
log>>>[-3.0000007,-1.9999993]
log>>>[-3.,-2.]
log>>>1.0485873
log>>>1.0485873
log>>>[1.0485873,2.126928 ]
log>>>[1.0485873,2.126928 ]
log>>>-3.
log>>>-3.0000002
log>>>[-3.,-2.]
log>>>[-3.0000002,-1.9999995]
log>>>1.1897035
log>>>1.1897035
log>>>[1.0948517,2.238406 ]
log>>>[1.0948517,2.238406 ]
log>>>-2.0485873
log>>>-2.0485873
log>>>[-2.0485873 ,-0.12692809]
log>>>[-2.0485873 ,-0.12692809]
",2.7079248428344727
65,"log>>>-3.0000007
log>>>-3.
log>>>[-3.0000007,-1.9999993]
log>>>[-3.,-2.]
log>>>1.0485873
log>>>1.0485873
log>>>[1.0485873,2.126928 ]
log>>>[1.0485873,2.126928 ]
log>>>-3.
log>>>-3.0000002
log>>>[-3.,-2.]
log>>>[-3.0000002,-1.9999995]
log>>>1.1897035
log>>>1.1897035
log>>>[1.0948517,2.238406 ]
log>>>[1.0948517,2.238406 ]
log>>>-2.0485873
log>>>-2.0485873
log>>>[-2.0485873 ,-0.12692809]
log>>>[-2.0485873 ,-0.12692809]
",2.705235242843628
66,"log>>>-3.0000007
log>>>-3.
log>>>[-3.0000007,-1.9999993]
log>>>[-3.,-2.]
log>>>1.0485873
log>>>1.0485873
log>>>[1.0485873,2.126928 ]
log>>>[1.0485873,2.126928 ]
log>>>-3.
log>>>-3.0000002
log>>>[-3.,-2.]
log>>>[-3.0000002,-1.9999995]
log>>>1.1897035
log>>>1.1897035
log>>>[1.0948517,2.238406 ]
log>>>[1.0948517,2.238406 ]
log>>>-2.0485873
log>>>-2.0485873
log>>>[-2.0485873 ,-0.12692809]
log>>>[-2.0485873 ,-0.12692809]
",2.6832828521728516
67,"log>>>-3.0000007
log>>>-3.
log>>>[-3.0000007,-1.9999993]
log>>>[-3.,-2.]
log>>>1.0485873
log>>>1.0485873
log>>>[1.0485873,2.126928 ]
log>>>[1.0485873,2.126928 ]
log>>>-3.
log>>>-3.0000002
log>>>[-3.,-2.]
log>>>[-3.0000002,-1.9999995]
log>>>1.1897035
log>>>1.1897035
log>>>[1.0948517,2.238406 ]
log>>>[1.0948517,2.238406 ]
log>>>-2.0485873
log>>>-2.0485873
log>>>[-2.0485873 ,-0.12692809]
log>>>[-2.0485873 ,-0.12692809]
",2.779348850250244
68,"log>>>-3.0000007
log>>>-3.
log>>>[-3.0000007,-1.9999993]
log>>>[-3.,-2.]
log>>>1.0485873
log>>>1.0485873
log>>>[1.0485873,2.126928 ]
log>>>[1.0485873,2.126928 ]
log>>>-3.
log>>>-3.0000002
log>>>[-3.,-2.]
log>>>[-3.0000002,-1.9999995]
log>>>1.1897035
log>>>1.1897035
log>>>[1.0948517,2.238406 ]
log>>>[1.0948517,2.238406 ]
log>>>-2.0485873
log>>>-2.0485873
log>>>[-2.0485873 ,-0.12692809]
log>>>[-2.0485873 ,-0.12692809]
",2.7217888832092285
69,"log>>>-3.0000007
log>>>-3.
log>>>[-3.0000007,-1.9999993]
log>>>[-3.,-2.]
log>>>1.0485873
log>>>1.0485873
log>>>[1.0485873,2.126928 ]
log>>>[1.0485873,2.126928 ]
log>>>-3.
log>>>-3.0000002
log>>>[-3.,-2.]
log>>>[-3.0000002,-1.9999995]
log>>>1.1897035
log>>>1.1897035
log>>>[1.0948517,2.238406 ]
log>>>[1.0948517,2.238406 ]
log>>>-2.0485873
log>>>-2.0485873
log>>>[-2.0485873 ,-0.12692809]
log>>>[-2.0485873 ,-0.12692809]
",2.840404987335205
70,"log>>>-3.0000007
log>>>-3.
log>>>[-3.0000007,-1.9999993]
log>>>[-3.,-2.]
log>>>1.0485873
log>>>1.0485873
log>>>[1.0485873,2.126928 ]
log>>>[1.0485873,2.126928 ]
log>>>-3.
log>>>-3.0000002
log>>>[-3.,-2.]
log>>>[-3.0000002,-1.9999995]
log>>>1.1897035
log>>>1.1897035
log>>>[1.0948517,2.238406 ]
log>>>[1.0948517,2.238406 ]
log>>>-2.0485873
log>>>-2.0485873
log>>>[-2.0485873 ,-0.12692809]
log>>>[-2.0485873 ,-0.12692809]
",2.7583999633789062
71,"log>>>-3.0000007
log>>>-3.
log>>>[-3.0000007,-1.9999993]
log>>>[-3.,-2.]
log>>>1.0485873
log>>>1.0485873
log>>>[1.0485873,2.126928 ]
log>>>[1.0485873,2.126928 ]
log>>>-3.
log>>>-3.0000002
log>>>[-3.,-2.]
log>>>[-3.0000002,-1.9999995]
log>>>1.1897035
log>>>1.1897035
log>>>[1.0948517,2.238406 ]
log>>>[1.0948517,2.238406 ]
log>>>-2.0485873
log>>>-2.0485873
log>>>[-2.0485873 ,-0.12692809]
log>>>[-2.0485873 ,-0.12692809]
",2.739680051803589
72,"log>>>-3.0000007
log>>>-3.
log>>>[-3.0000007,-1.9999993]
log>>>[-3.,-2.]
log>>>1.0485873
log>>>1.0485873
log>>>[1.0485873,2.126928 ]
log>>>[1.0485873,2.126928 ]
log>>>-3.
log>>>-3.0000002
log>>>[-3.,-2.]
log>>>[-3.0000002,-1.9999995]
log>>>1.1897035
log>>>1.1897035
log>>>[1.0948517,2.238406 ]
log>>>[1.0948517,2.238406 ]
log>>>-2.0485873
log>>>-2.0485873
log>>>[-2.0485873 ,-0.12692809]
log>>>[-2.0485873 ,-0.12692809]
",2.6889147758483887
73,"log>>>-3.0000007
log>>>-3.
log>>>[-3.0000007,-1.9999993]
log>>>[-3.,-2.]
log>>>1.0485873
log>>>1.0485873
log>>>[1.0485873,2.126928 ]
log>>>[1.0485873,2.126928 ]
log>>>-3.
log>>>-3.0000002
log>>>[-3.,-2.]
log>>>[-3.0000002,-1.9999995]
log>>>1.1897035
log>>>1.1897035
log>>>[1.0948517,2.238406 ]
log>>>[1.0948517,2.238406 ]
log>>>-2.0485873
log>>>-2.0485873
log>>>[-2.0485873 ,-0.12692809]
log>>>[-2.0485873 ,-0.12692809]
",2.6923110485076904
74,"log>>>-3.0000007
log>>>-3.
log>>>[-3.0000007,-1.9999993]
log>>>[-3.,-2.]
log>>>1.0485873
log>>>1.0485873
log>>>[1.0485873,2.126928 ]
log>>>[1.0485873,2.126928 ]
log>>>-3.
log>>>-3.0000002
log>>>[-3.,-2.]
log>>>[-3.0000002,-1.9999995]
log>>>1.1897035
log>>>1.1897035
log>>>[1.0948517,2.238406 ]
log>>>[1.0948517,2.238406 ]
log>>>-2.0485873
log>>>-2.0485873
log>>>[-2.0485873 ,-0.12692809]
log>>>[-2.0485873 ,-0.12692809]
",2.690934896469116
75,"log>>>-3.0000007
log>>>-3.
log>>>[-3.0000007,-1.9999993]
log>>>[-3.,-2.]
log>>>1.0485873
log>>>1.0485873
log>>>[1.0485873,2.126928 ]
log>>>[1.0485873,2.126928 ]
log>>>-3.
log>>>-3.0000002
log>>>[-3.,-2.]
log>>>[-3.0000002,-1.9999995]
log>>>1.1897035
log>>>1.1897035
log>>>[1.0948517,2.238406 ]
log>>>[1.0948517,2.238406 ]
log>>>-2.0485873
log>>>-2.0485873
log>>>[-2.0485873 ,-0.12692809]
log>>>[-2.0485873 ,-0.12692809]
",2.6742677688598633
76,"log>>>-3.0000007
log>>>-3.
log>>>[-3.0000007,-1.9999993]
log>>>[-3.,-2.]
log>>>1.0485873
log>>>1.0485873
log>>>[1.0485873,2.126928 ]
log>>>[1.0485873,2.126928 ]
log>>>-3.
log>>>-3.0000002
log>>>[-3.,-2.]
log>>>[-3.0000002,-1.9999995]
log>>>1.1897035
log>>>1.1897035
log>>>[1.0948517,2.238406 ]
log>>>[1.0948517,2.238406 ]
log>>>-2.0485873
log>>>-2.0485873
log>>>[-2.0485873 ,-0.12692809]
log>>>[-2.0485873 ,-0.12692809]
",2.692131280899048
77,"log>>>-3.0000007
log>>>-3.
log>>>[-3.0000007,-1.9999993]
log>>>[-3.,-2.]
log>>>1.0485873
log>>>1.0485873
log>>>[1.0485873,2.126928 ]
log>>>[1.0485873,2.126928 ]
log>>>-3.
log>>>-3.0000002
log>>>[-3.,-2.]
log>>>[-3.0000002,-1.9999995]
log>>>1.1897035
log>>>1.1897035
log>>>[1.0948517,2.238406 ]
log>>>[1.0948517,2.238406 ]
log>>>-2.0485873
log>>>-2.0485873
log>>>[-2.0485873 ,-0.12692809]
log>>>[-2.0485873 ,-0.12692809]
",2.6528968811035156
78,"log>>>-3.0000007
log>>>-3.
log>>>[-3.0000007,-1.9999993]
log>>>[-3.,-2.]
log>>>1.0485873
log>>>1.0485873
log>>>[1.0485873,2.126928 ]
log>>>[1.0485873,2.126928 ]
log>>>-3.
log>>>-3.0000002
log>>>[-3.,-2.]
log>>>[-3.0000002,-1.9999995]
log>>>1.1897035
log>>>1.1897035
log>>>[1.0948517,2.238406 ]
log>>>[1.0948517,2.238406 ]
log>>>-2.0485873
log>>>-2.0485873
log>>>[-2.0485873 ,-0.12692809]
log>>>[-2.0485873 ,-0.12692809]
",2.6886351108551025
79,"log>>>-3.0000007
log>>>-3.
log>>>[-3.0000007,-1.9999993]
log>>>[-3.,-2.]
log>>>1.0485873
log>>>1.0485873
log>>>[1.0485873,2.126928 ]
log>>>[1.0485873,2.126928 ]
log>>>-3.
log>>>-3.0000002
log>>>[-3.,-2.]
log>>>[-3.0000002,-1.9999995]
log>>>1.1897035
log>>>1.1897035
log>>>[1.0948517,2.238406 ]
log>>>[1.0948517,2.238406 ]
log>>>-2.0485873
log>>>-2.0485873
log>>>[-2.0485873 ,-0.12692809]
log>>>[-2.0485873 ,-0.12692809]
",2.6824140548706055
80,"log>>>-3.0000007
log>>>-3.
log>>>[-3.0000007,-1.9999993]
log>>>[-3.,-2.]
log>>>1.0485873
log>>>1.0485873
log>>>[1.0485873,2.126928 ]
log>>>[1.0485873,2.126928 ]
log>>>-3.
log>>>-3.0000002
log>>>[-3.,-2.]
log>>>[-3.0000002,-1.9999995]
log>>>1.1897035
log>>>1.1897035
log>>>[1.0948517,2.238406 ]
log>>>[1.0948517,2.238406 ]
log>>>-2.0485873
log>>>-2.0485873
log>>>[-2.0485873 ,-0.12692809]
log>>>[-2.0485873 ,-0.12692809]
",2.7119622230529785
81,"log>>>-3.0000007
log>>>-3.
log>>>[-3.0000007,-1.9999993]
log>>>[-3.,-2.]
log>>>1.0485873
log>>>1.0485873
log>>>[1.0485873,2.126928 ]
log>>>[1.0485873,2.126928 ]
log>>>-3.
log>>>-3.0000002
log>>>[-3.,-2.]
log>>>[-3.0000002,-1.9999995]
log>>>1.1897035
log>>>1.1897035
log>>>[1.0948517,2.238406 ]
log>>>[1.0948517,2.238406 ]
log>>>-2.0485873
log>>>-2.0485873
log>>>[-2.0485873 ,-0.12692809]
log>>>[-2.0485873 ,-0.12692809]
",2.698129892349243
82,"log>>>-3.0000007
log>>>-3.
log>>>[-3.0000007,-1.9999993]
log>>>[-3.,-2.]
log>>>1.0485873
log>>>1.0485873
log>>>[1.0485873,2.126928 ]
log>>>[1.0485873,2.126928 ]
log>>>-3.
log>>>-3.0000002
log>>>[-3.,-2.]
log>>>[-3.0000002,-1.9999995]
log>>>1.1897035
log>>>1.1897035
log>>>[1.0948517,2.238406 ]
log>>>[1.0948517,2.238406 ]
log>>>-2.0485873
log>>>-2.0485873
log>>>[-2.0485873 ,-0.12692809]
log>>>[-2.0485873 ,-0.12692809]
",2.685979127883911
83,"log>>>-3.0000007
log>>>-3.
log>>>[-3.0000007,-1.9999993]
log>>>[-3.,-2.]
log>>>1.0485873
log>>>1.0485873
log>>>[1.0485873,2.126928 ]
log>>>[1.0485873,2.126928 ]
log>>>-3.
log>>>-3.0000002
log>>>[-3.,-2.]
log>>>[-3.0000002,-1.9999995]
log>>>1.1897035
log>>>1.1897035
log>>>[1.0948517,2.238406 ]
log>>>[1.0948517,2.238406 ]
log>>>-2.0485873
log>>>-2.0485873
log>>>[-2.0485873 ,-0.12692809]
log>>>[-2.0485873 ,-0.12692809]
",2.7005786895751953
84,"log>>>-3.0000007
log>>>-3.
log>>>[-3.0000007,-1.9999993]
log>>>[-3.,-2.]
log>>>1.0485873
log>>>1.0485873
log>>>[1.0485873,2.126928 ]
log>>>[1.0485873,2.126928 ]
log>>>-3.
log>>>-3.0000002
log>>>[-3.,-2.]
log>>>[-3.0000002,-1.9999995]
log>>>1.1897035
log>>>1.1897035
log>>>[1.0948517,2.238406 ]
log>>>[1.0948517,2.238406 ]
log>>>-2.0485873
log>>>-2.0485873
log>>>[-2.0485873 ,-0.12692809]
log>>>[-2.0485873 ,-0.12692809]
",2.783492088317871
85,"log>>>-3.0000007
log>>>-3.
log>>>[-3.0000007,-1.9999993]
log>>>[-3.,-2.]
log>>>1.0485873
log>>>1.0485873
log>>>[1.0485873,2.126928 ]
log>>>[1.0485873,2.126928 ]
log>>>-3.
log>>>-3.0000002
log>>>[-3.,-2.]
log>>>[-3.0000002,-1.9999995]
log>>>1.1897035
log>>>1.1897035
log>>>[1.0948517,2.238406 ]
log>>>[1.0948517,2.238406 ]
log>>>-2.0485873
log>>>-2.0485873
log>>>[-2.0485873 ,-0.12692809]
log>>>[-2.0485873 ,-0.12692809]
",2.710785150527954
86,"log>>>-3.0000007
log>>>-3.
log>>>[-3.0000007,-1.9999993]
log>>>[-3.,-2.]
log>>>1.0485873
log>>>1.0485873
log>>>[1.0485873,2.126928 ]
log>>>[1.0485873,2.126928 ]
log>>>-3.
log>>>-3.0000002
log>>>[-3.,-2.]
log>>>[-3.0000002,-1.9999995]
log>>>1.1897035
log>>>1.1897035
log>>>[1.0948517,2.238406 ]
log>>>[1.0948517,2.238406 ]
log>>>-2.0485873
log>>>-2.0485873
log>>>[-2.0485873 ,-0.12692809]
log>>>[-2.0485873 ,-0.12692809]
",2.7050139904022217
87,"log>>>-3.0000007
log>>>-3.
log>>>[-3.0000007,-1.9999993]
log>>>[-3.,-2.]
log>>>1.0485873
log>>>1.0485873
log>>>[1.0485873,2.126928 ]
log>>>[1.0485873,2.126928 ]
log>>>-3.
log>>>-3.0000002
log>>>[-3.,-2.]
log>>>[-3.0000002,-1.9999995]
log>>>1.1897035
log>>>1.1897035
log>>>[1.0948517,2.238406 ]
log>>>[1.0948517,2.238406 ]
log>>>-2.0485873
log>>>-2.0485873
log>>>[-2.0485873 ,-0.12692809]
log>>>[-2.0485873 ,-0.12692809]
",2.7201151847839355
88,"log>>>-3.0000007
log>>>-3.
log>>>[-3.0000007,-1.9999993]
log>>>[-3.,-2.]
log>>>1.0485873
log>>>1.0485873
log>>>[1.0485873,2.126928 ]
log>>>[1.0485873,2.126928 ]
log>>>-3.
log>>>-3.0000002
log>>>[-3.,-2.]
log>>>[-3.0000002,-1.9999995]
log>>>1.1897035
log>>>1.1897035
log>>>[1.0948517,2.238406 ]
log>>>[1.0948517,2.238406 ]
log>>>-2.0485873
log>>>-2.0485873
log>>>[-2.0485873 ,-0.12692809]
log>>>[-2.0485873 ,-0.12692809]
",2.7279160022735596
89,"log>>>-3.0000007
log>>>-3.
log>>>[-3.0000007,-1.9999993]
log>>>[-3.,-2.]
log>>>1.0485873
log>>>1.0485873
log>>>[1.0485873,2.126928 ]
log>>>[1.0485873,2.126928 ]
log>>>-3.
log>>>-3.0000002
log>>>[-3.,-2.]
log>>>[-3.0000002,-1.9999995]
log>>>1.1897035
log>>>1.1897035
log>>>[1.0948517,2.238406 ]
log>>>[1.0948517,2.238406 ]
log>>>-2.0485873
log>>>-2.0485873
log>>>[-2.0485873 ,-0.12692809]
log>>>[-2.0485873 ,-0.12692809]
",2.684159994125366
90,"log>>>-3.0000007
log>>>-3.
log>>>[-3.0000007,-1.9999993]
log>>>[-3.,-2.]
log>>>1.0485873
log>>>1.0485873
log>>>[1.0485873,2.126928 ]
log>>>[1.0485873,2.126928 ]
log>>>-3.
log>>>-3.0000002
log>>>[-3.,-2.]
log>>>[-3.0000002,-1.9999995]
log>>>1.1897035
log>>>1.1897035
log>>>[1.0948517,2.238406 ]
log>>>[1.0948517,2.238406 ]
log>>>-2.0485873
log>>>-2.0485873
log>>>[-2.0485873 ,-0.12692809]
log>>>[-2.0485873 ,-0.12692809]
",2.7591140270233154
91,"log>>>-3.0000007
log>>>-3.
log>>>[-3.0000007,-1.9999993]
log>>>[-3.,-2.]
log>>>1.0485873
log>>>1.0485873
log>>>[1.0485873,2.126928 ]
log>>>[1.0485873,2.126928 ]
log>>>-3.
log>>>-3.0000002
log>>>[-3.,-2.]
log>>>[-3.0000002,-1.9999995]
log>>>1.1897035
log>>>1.1897035
log>>>[1.0948517,2.238406 ]
log>>>[1.0948517,2.238406 ]
log>>>-2.0485873
log>>>-2.0485873
log>>>[-2.0485873 ,-0.12692809]
log>>>[-2.0485873 ,-0.12692809]
",2.7170770168304443
92,"log>>>-3.0000007
log>>>-3.
log>>>[-3.0000007,-1.9999993]
log>>>[-3.,-2.]
log>>>1.0485873
log>>>1.0485873
log>>>[1.0485873,2.126928 ]
log>>>[1.0485873,2.126928 ]
log>>>-3.
log>>>-3.0000002
log>>>[-3.,-2.]
log>>>[-3.0000002,-1.9999995]
log>>>1.1897035
log>>>1.1897035
log>>>[1.0948517,2.238406 ]
log>>>[1.0948517,2.238406 ]
log>>>-2.0485873
log>>>-2.0485873
log>>>[-2.0485873 ,-0.12692809]
log>>>[-2.0485873 ,-0.12692809]
",2.722491979598999
93,"log>>>-3.0000007
log>>>-3.
log>>>[-3.0000007,-1.9999993]
log>>>[-3.,-2.]
log>>>1.0485873
log>>>1.0485873
log>>>[1.0485873,2.126928 ]
log>>>[1.0485873,2.126928 ]
log>>>-3.
log>>>-3.0000002
log>>>[-3.,-2.]
log>>>[-3.0000002,-1.9999995]
log>>>1.1897035
log>>>1.1897035
log>>>[1.0948517,2.238406 ]
log>>>[1.0948517,2.238406 ]
log>>>-2.0485873
log>>>-2.0485873
log>>>[-2.0485873 ,-0.12692809]
log>>>[-2.0485873 ,-0.12692809]
",2.6939542293548584
94,"log>>>-3.0000007
log>>>-3.
log>>>[-3.0000007,-1.9999993]
log>>>[-3.,-2.]
log>>>1.0485873
log>>>1.0485873
log>>>[1.0485873,2.126928 ]
log>>>[1.0485873,2.126928 ]
log>>>-3.
log>>>-3.0000002
log>>>[-3.,-2.]
log>>>[-3.0000002,-1.9999995]
log>>>1.1897035
log>>>1.1897035
log>>>[1.0948517,2.238406 ]
log>>>[1.0948517,2.238406 ]
log>>>-2.0485873
log>>>-2.0485873
log>>>[-2.0485873 ,-0.12692809]
log>>>[-2.0485873 ,-0.12692809]
",2.8131349086761475
95,"log>>>-3.0000007
log>>>-3.
log>>>[-3.0000007,-1.9999993]
log>>>[-3.,-2.]
log>>>1.0485873
log>>>1.0485873
log>>>[1.0485873,2.126928 ]
log>>>[1.0485873,2.126928 ]
log>>>-3.
log>>>-3.0000002
log>>>[-3.,-2.]
log>>>[-3.0000002,-1.9999995]
log>>>1.1897035
log>>>1.1897035
log>>>[1.0948517,2.238406 ]
log>>>[1.0948517,2.238406 ]
log>>>-2.0485873
log>>>-2.0485873
log>>>[-2.0485873 ,-0.12692809]
log>>>[-2.0485873 ,-0.12692809]
",3.107851982116699
96,"log>>>-3.0000007
log>>>-3.
log>>>[-3.0000007,-1.9999993]
log>>>[-3.,-2.]
log>>>1.0485873
log>>>1.0485873
log>>>[1.0485873,2.126928 ]
log>>>[1.0485873,2.126928 ]
log>>>-3.
log>>>-3.0000002
log>>>[-3.,-2.]
log>>>[-3.0000002,-1.9999995]
log>>>1.1897035
log>>>1.1897035
log>>>[1.0948517,2.238406 ]
log>>>[1.0948517,2.238406 ]
log>>>-2.0485873
log>>>-2.0485873
log>>>[-2.0485873 ,-0.12692809]
log>>>[-2.0485873 ,-0.12692809]
",2.961236000061035
97,"log>>>-3.0000007
log>>>-3.
log>>>[-3.0000007,-1.9999993]
log>>>[-3.,-2.]
log>>>1.0485873
log>>>1.0485873
log>>>[1.0485873,2.126928 ]
log>>>[1.0485873,2.126928 ]
log>>>-3.
log>>>-3.0000002
log>>>[-3.,-2.]
log>>>[-3.0000002,-1.9999995]
log>>>1.1897035
log>>>1.1897035
log>>>[1.0948517,2.238406 ]
log>>>[1.0948517,2.238406 ]
log>>>-2.0485873
log>>>-2.0485873
log>>>[-2.0485873 ,-0.12692809]
log>>>[-2.0485873 ,-0.12692809]
",2.6924831867218018
98,"log>>>-3.0000007
log>>>-3.
log>>>[-3.0000007,-1.9999993]
log>>>[-3.,-2.]
log>>>1.0485873
log>>>1.0485873
log>>>[1.0485873,2.126928 ]
log>>>[1.0485873,2.126928 ]
log>>>-3.
log>>>-3.0000002
log>>>[-3.,-2.]
log>>>[-3.0000002,-1.9999995]
log>>>1.1897035
log>>>1.1897035
log>>>[1.0948517,2.238406 ]
log>>>[1.0948517,2.238406 ]
log>>>-2.0485873
log>>>-2.0485873
log>>>[-2.0485873 ,-0.12692809]
log>>>[-2.0485873 ,-0.12692809]
",2.6677780151367188
99,"log>>>-3.0000007
log>>>-3.
log>>>[-3.0000007,-1.9999993]
log>>>[-3.,-2.]
log>>>1.0485873
log>>>1.0485873
log>>>[1.0485873,2.126928 ]
log>>>[1.0485873,2.126928 ]
log>>>-3.
log>>>-3.0000002
log>>>[-3.,-2.]
log>>>[-3.0000002,-1.9999995]
log>>>1.1897035
log>>>1.1897035
log>>>[1.0948517,2.238406 ]
log>>>[1.0948517,2.238406 ]
log>>>-2.0485873
log>>>-2.0485873
log>>>[-2.0485873 ,-0.12692809]
log>>>[-2.0485873 ,-0.12692809]
",2.73471999168396
100,"log>>>-3.0000007
log>>>-3.
log>>>[-3.0000007,-1.9999993]
log>>>[-3.,-2.]
log>>>1.0485873
log>>>1.0485873
log>>>[1.0485873,2.126928 ]
log>>>[1.0485873,2.126928 ]
log>>>-3.
log>>>-3.0000002
log>>>[-3.,-2.]
log>>>[-3.0000002,-1.9999995]
log>>>1.1897035
log>>>1.1897035
log>>>[1.0948517,2.238406 ]
log>>>[1.0948517,2.238406 ]
log>>>-2.0485873
log>>>-2.0485873
log>>>[-2.0485873 ,-0.12692809]
log>>>[-2.0485873 ,-0.12692809]
",2.7369940280914307
Average Execution Time (s): 2.93 seconds